Month _Year,Site,Sample. Type,Diel_Time,Y(II),Experiment
June_23,TM,Internal,,0.565476191,SM
June_23,TM,Internal,,0.841666667,SM
June_23,TM,Internal,,0.4,SM
June_23,TM,Internal,,0.733333333,SM
June_23,TM,Internal,,0.378947368,SM
June_23,TM,Internal,,0.300546448,SM
June_23,TM,Internal,,0.245283019,SM
June_23,TM,Internal,,0.25462963,SM
June_23,TM,External,,0.447058824,SM
June_23,TM,External,,0.518950437,SM
June_23,TM,External,,0.428571429,SM
June_23,TM,External,,0.551724138,SM
June_23,TM,External,,0.455782313,SM
June_23,TM,External,,0.318181818,SM
June_23,TM,External,,0.440476191,SM
June_23,TM,External,,0.485714286,SM
July_23,TM,Internal,,0.291,SM
July_23,TM,Internal,,0.632,SM
July_23,TM,Internal,,0.206,SM
July_23,TM,Internal,,0.633,SM
July_23,TM,Internal,,0.253,SM
July_23,TM,Internal,,0.0454,SM
July_23,TM,Internal,,0.246,SM
July_23,TM,Internal,,0.391,SM
July_23,TM,External,,0.508,SM
July_23,TM,External,,0.298,SM
July_23,TM,External,,0.438,SM
July_23,TM,External,,0.366,SM
July_23,TM,External,,0.515,SM
July_23,SB,Internal,,0.282352941,SM
July_23,SB,Internal,,0.147435897,SM
July_23,SB,Internal,,0.242152466,SM
July_23,SB,Internal,,0.473214286,SM
July_23,SB,Internal,,0.236842105,SM
July_23,SB,External,,0.727272727,SM
July_23,SB,External,,0.582089552,SM
July_23,SB,External,,0.296551724,SM
July_23,SB,External,,0.205882353,SM
July_23,SB,External,,0.142857143,SM
Oct_23,SB,Internal,,0.459349594,SM
Oct_23,SB,Internal,,0.360946746,SM
Oct_23,SB,External,,0.466463415,SM
Oct_23,SB,External,,0.193548387,SM
Dec_23,TM,Internal,,0.769230769,SM
Dec_23,TM,Internal,,0.641025641,SM
Dec_23,TM,External,,0.493506494,SM
Dec_23,TM,External,,0.714285714,SM
Dec_23,TM,External,,0.604651163,SM
Dec_23,SB,Internal,,0.46875,SM
Dec_23,SB,Internal,,0.838709677,SM
Dec_23,SB,Internal,,0.603174603,SM
Dec_23,SB,Internal,,0.566666667,SM
Dec_23,SB,Internal,,0.390243902,SM
Dec_23,SB,External,,0.32,SM
Dec_23,SB,External,,0.540540541,SM
Feb_24,TM,Internal,,0.409836066,SM
Feb_24,TM,External,,0.68115942,SM
Feb_24,TM,External,,0.56043956,SM
Feb_24,TM,External,,0.373134328,SM
Feb_24,SB,Internal,,0.852941177,SM
Feb_24,SB,Internal,,0.483333333,SM
Feb_24,SB,Internal,,0.483870968,SM
Feb_24,SB,Internal,,0.875,SM
Feb_24,SB,External,,0.923076923,SM
Feb_24,SB,External,,0.8125,SM
Feb_24,SB,External,,0.551724138,SM
Feb_24,SB,External,,0.708333333,SM
Feb_24,SB,External,,0.789473684,SM
Feb_24,SB,External,,0.666666667,SM
April_24,TM,Internal,,0.476190476,SM
April_24,TM,Internal,,0.540540541,SM
April_24,TM,Internal,,0.420168067,SM
April_24,TM,External,,0.522222222,SM
April_24,TM,External,,0.47826087,SM
April_24,TM,External,,0.509615385,SM
April_24,SB,Internal,,0.530612245,SM
June_24,TM,Internal,,0.333333333,SM
June_24,TM,Internal,,0.366412214,SM
June_24,TM,Internal,,0.31147541,SM
June_24,TM,External,,0.638297872,SM
June_24,TM,External,,0.818181818,SM
June_24,TM,External,,0.385964912,SM
June_24,SB,Internal,,0.486486487,SM
June_24,SB,Internal,,0.302325581,SM
June_24,SB,Internal,,0.128205128,SM
June_24,SB,External,,0.666666667,SM
June_24,SB,External,,0.346153846,SM
June_24,SB,External,,0.338709677,SM
July_24,SB,Internal,T0,0.542857143,Diel
July_24,SB,Internal,T0,0.340206186,Diel
July_24,SB,Internal,T0,0.223684211,Diel
July_24,SB,Internal,T0,0.245508982,Diel
July_24,SB,Internal,T0,0.193548387,Diel
July_24,SB,Internal,T1,0.210526316,Diel
July_24,SB,Internal,T1,0.2,Diel
July_24,SB,Internal,T1,0.279069767,Diel
July_24,SB,Internal,T1,0.260416667,Diel
July_24,SB,Internal,T1,0.264705882,Diel
July_24,SB,Internal,T2,0.391304348,Diel
July_24,SB,Internal,T2,0.362204724,Diel
July_24,SB,Internal,T2,0.329787234,Diel
July_24,SB,Internal,T2,0.268072289,Diel
July_24,SB,Internal,T2,0.101796407,Diel
July_24,SB,Internal,T3,0.359223301,Diel
July_24,SB,Internal,T3,0.243589744,Diel
July_24,SB,Internal,T3,0.309090909,Diel
July_24,SB,Internal,T3,0.111940299,Diel
July_24,SB,Internal,T3,0.25390625,Diel
July_24,SB,Internal,T4,0.373493976,Diel
July_24,SB,Internal,T4,0.407407407,Diel
July_24,SB,Internal,T4,0.3,Diel
July_24,SB,Internal,T4,0.47826087,Diel
July_24,SB,Internal,T4,0.285714286,Diel
July_24,SB,Internal,T5,0.26,Diel
July_24,SB,Internal,T5,0.333333333,Diel
July_24,SB,Internal,T5,0.378048781,Diel
July_24,SB,Internal,T5,0.267175573,Diel
July_24,SB,Internal,T5,0.392156863,Diel
July_24,SB,Internal,T6,0.434782609,Diel
July_24,SB,Internal,T6,0.472222222,Diel
July_24,SB,Internal,T6,0.257142857,Diel
July_24,SB,Internal,T6,0.145907473,Diel
July_24,SB,Internal,T6,0.131034483,Diel
Aug_24,TM,Internal,,0.5,SM
Aug_24,TM,Internal,,0.45,SM
Aug_24,TM,Internal,,0.472222222,SM
Aug_24,TM,External,,0.413043478,SM
Aug_24,TM,External,,0.413793103,SM
Aug_24,TM,External,,0.571428571,SM
Aug_24,SB,Internal,,0.314285714,SM
Aug_24,SB,Internal,,0.234234234,SM
Aug_24,SB,Internal,,0.162790698,SM
Aug_24,SB,External,,0.284210526,SM
Aug_24,SB,External,,0.375,SM
Aug_24,SB,External,,0.245098039,SM
July_25,TM,Internal,,0.451612903,SM
July_25,TM,Internal,,0.568627451,SM
July_25,TM,Internal,,0.543478261,SM
July_25,TM,External,,0.46,SM
July_25,TM,External,,0.481481482,SM
July_25,TM,External,,0.470588235,SM